{
  "timestamp": "2025-11-04T19:49:34.705498Z",
  "experiment_name": "experiment_u_coupling_sweep",
  "run_id": "b11470dc-e044-4eb1-9027-f6b61a8f1dce",
  "n_galaxies": 8,
  "galaxy_names": [
    "F583-4",
    "IC4202",
    "F583-1",
    "F568-3",
    "F574-1",
    "F571-8",
    "D631-7",
    "F563-1"
  ],
  "seed": 42,
  "coupling_strengths": [
    0.0,
    0.1,
    0.5,
    1.0,
    5.0,
    10.0,
    50.0,
    100.0
  ],
  "independent_baseline": {
    "chisq": 0.9190842648251982,
    "kappa_variance": 0.00951697693295293,
    "kappa_values": [
      0.10500302431251099,
      0.36651007231633115,
      0.08660435689470226,
      0.06647038854924515,
      0.18284086629664956,
      0.151843954582602,
      0.026289411646771798,
      0.16335164290905482
    ],
    "kappa_mean": 0.14361421468848345,
    "kappa_std": 0.09755499440291579
  },
  "sweep_results": [
    {
      "coupling_strength": 0.0,
      "chisq_independent": 0.9190842648251982,
      "chisq_coupled_raw": 0.9190842648251982,
      "chisq_coupled_with_penalty": 0.9190842648251982,
      "chisq_ratio": 1.0,
      "kappa_variance_independent": 0.00951697693295293,
      "kappa_variance_coupled": 0.00951697693295293,
      "variance_reduction": 0.0,
      "improves_fit": false,
      "kappa_values": [
        0.10500302431251099,
        0.36651007231633115,
        0.08660435689470226,
        0.06647038854924515,
        0.18284086629664956,
        0.151843954582602,
        0.026289411646771798,
        0.16335164290905482
      ],
      "kappa_mean": 0.14361421468848345,
      "kappa_std": 0.09755499440291579,
      "continuity_penalty": 0.0,
      "is_sweet_spot": false
    },
    {
      "coupling_strength": 0.1,
      "chisq_independent": 0.9190842648251982,
      "chisq_coupled_raw": 0.9196450600358137,
      "chisq_coupled_with_penalty": 0.9260579775090934,
      "chisq_ratio": 1.0006101673503487,
      "kappa_variance_independent": 0.00951697693295293,
      "kappa_variance_coupled": 0.008016146841599554,
      "variance_reduction": 0.1577002806906476,
      "improves_fit": false,
      "kappa_values": [
        0.10598292666672164,
        0.33971958360280086,
        0.08688630524140296,
        0.06729168045474028,
        0.1799379622994116,
        0.1512524782252302,
        0.026321924237153894,
        0.15828943390663283
      ],
      "kappa_mean": 0.1394602868292618,
      "kappa_std": 0.08953293718849814,
      "continuity_penalty": 0.0064129174732796435,
      "is_sweet_spot": false
    },
    {
      "coupling_strength": 0.5,
      "chisq_independent": 0.9190842648251982,
      "chisq_coupled_raw": 0.9259399475569795,
      "chisq_coupled_with_penalty": 0.946205204507666,
      "chisq_ratio": 1.0074592537313052,
      "kappa_variance_independent": 0.00951697693295293,
      "kappa_variance_coupled": 0.005066314237671609,
      "variance_reduction": 0.467655039933498,
      "improves_fit": false,
      "kappa_values": [
        0.10813495713949943,
        0.2779370301619585,
        0.08772540882662687,
        0.06999333292311395,
        0.16942136368168498,
        0.14728542208978707,
        0.0264359003590584,
        0.14449031860821648
      ],
      "kappa_mean": 0.1289279667237432,
      "kappa_std": 0.07117804603718487,
      "continuity_penalty": 0.020265256950686435,
      "is_sweet_spot": false
    },
    {
      "coupling_strength": 1.0,
      "chisq_independent": 0.9190842648251982,
      "chisq_coupled_raw": 0.9347581063712316,
      "chisq_coupled_with_penalty": 0.9630169594325854,
      "chisq_ratio": 1.0170537589923971,
      "kappa_variance_independent": 0.00951697693295293,
      "kappa_variance_coupled": 0.0035323566326692295,
      "variance_reduction": 0.6288362064560121,
      "improves_fit": false,
      "kappa_values": [
        0.10878400404523347,
        0.23803908118969747,
        0.08841173258163508,
        0.0725268385666965,
        0.15932230889682067,
        0.14190920286870676,
        0.026561510426869408,
        0.1342598090028707
      ],
      "kappa_mean": 0.12122681094731626,
      "kappa_std": 0.05943363216789993,
      "continuity_penalty": 0.028258853061353836,
      "is_sweet_spot": false
    },
    {
      "coupling_strength": 5.0,
      "chisq_independent": 0.9190842648251982,
      "chisq_coupled_raw": 0.9778473719055243,
      "chisq_coupled_with_penalty": 1.0217765045020548,
      "chisq_ratio": 1.0639365826717775,
      "kappa_variance_independent": 0.00951697693295293,
      "kappa_variance_coupled": 0.0010982283149132625,
      "variance_reduction": 0.8846031458042372,
      "improves_fit": false,
      "kappa_values": [
        0.10130600107027998,
        0.14603057153360996,
        0.08922957569747164,
        0.07964477799297423,
        0.12400174802463755,
        0.11626051093589972,
        0.02734402225100035,
        0.10547114733358358
      ],
      "kappa_mean": 0.09866104435493211,
      "kappa_std": 0.03313952798265634,
      "continuity_penalty": 0.0439291325965305,
      "is_sweet_spot": false
    },
    {
      "coupling_strength": 10.0,
      "chisq_independent": 0.9190842648251982,
      "chisq_coupled_raw": 1.0037775436888854,
      "chisq_coupled_with_penalty": 1.0544965628282725,
      "chisq_ratio": 1.0921496342664456,
      "kappa_variance_independent": 0.00951697693295293,
      "kappa_variance_coupled": 0.0006339877392423387,
      "variance_reduction": 0.9333833971551909,
      "improves_fit": false,
      "kappa_values": [
        0.09295437545485258,
        0.11608161067226391,
        0.08716301387549916,
        0.07904573166512556,
        0.10730905067489227,
        0.10195124356879776,
        0.02811640187582632,
        0.09296931599943731
      ],
      "kappa_mean": 0.08819884297333686,
      "kappa_std": 0.025179113154405155,
      "continuity_penalty": 0.050719019139387096,
      "is_sweet_spot": false
    },
    {
      "coupling_strength": 50.0,
      "chisq_independent": 0.9190842648251982,
      "chisq_coupled_raw": 1.0843380710407753,
      "chisq_coupled_with_penalty": 1.1500908594654735,
      "chisq_ratio": 1.179802671572238,
      "kappa_variance_independent": 0.00951697693295293,
      "kappa_variance_coupled": 0.00016438197106174575,
      "variance_reduction": 0.9827273981068546,
      "improves_fit": false,
      "kappa_values": [
        0.0692718999317206,
        0.07176891288527526,
        0.07203727618957309,
        0.0655103590005577,
        0.07365094860111708,
        0.07118605322092547,
        0.03207332285091436,
        0.06720078445044389
      ],
      "kappa_mean": 0.06533744464131594,
      "kappa_std": 0.012821153265667865,
      "continuity_penalty": 0.0657527884246983,
      "is_sweet_spot": false
    },
    {
      "coupling_strength": 100.0,
      "chisq_independent": 0.9190842648251982,
      "chisq_coupled_raw": 1.13277684394707,
      "chisq_coupled_with_penalty": 1.1950090862688145,
      "chisq_ratio": 1.2325059706712684,
      "kappa_variance_independent": 0.00951697693295293,
      "kappa_variance_coupled": 7.779030290218058e-05,
      "variance_reduction": 0.9918260498815675,
      "improves_fit": false,
      "kappa_values": [
        0.060760281352490175,
        0.06114861135659807,
        0.06392154340366661,
        0.058732946794380916,
        0.0632785788053658,
        0.061562877899122626,
        0.03503395205820618,
        0.059103178169200056
      ],
      "kappa_mean": 0.05794274622987881,
      "kappa_std": 0.008819881116102449,
      "continuity_penalty": 0.062232242321744465,
      "is_sweet_spot": false
    }
  ],
  "sweet_spots": [],
  "optimal_coupling": {
    "coupling_strength": 0.1,
    "chisq_independent": 0.9190842648251982,
    "chisq_coupled_raw": 0.9196450600358137,
    "chisq_coupled_with_penalty": 0.9260579775090934,
    "chisq_ratio": 1.0006101673503487,
    "kappa_variance_independent": 0.00951697693295293,
    "kappa_variance_coupled": 0.008016146841599554,